"Experiment Accession","Experiment Title","Organism Name","Instrument","Submitter","Study Accession","Study Title","Sample Accession","Sample Title","Total Size, Mb","Total RUNs","Total Spots","Total Bases","Library Name","Library Strategy","Library Source","Library Selection"
"SRX9087940","GSM4771181: Y_sCMB_99: Young_Subject-sCMB99; Homo sapiens; RNA-Seq","Homo sapiens","Illumina HiSeq 4000","GEO","SRP280348","Metformin Alters Skeletal Muscle Transcriptome Adaptations to Resistance Training in Older Adults","SRS7333902","","4142.05","1","47166833","14150049900","","RNA-Seq","TRANSCRIPTOMIC","cDNA"
"SRX9087939","GSM4771180: Y_sCMB_91: Young_Subject-sCMB91; Homo sapiens; RNA-Seq","Homo sapiens","Illumina HiSeq 4000","GEO","SRP280348","Metformin Alters Skeletal Muscle Transcriptome Adaptations to Resistance Training in Older Adults","SRS7333901","","4092.37","1","47412302","14223690600","","RNA-Seq","TRANSCRIPTOMIC","cDNA"
"SRX9087938","GSM4771179: Y_sCMB_90: Young_Subject-sCMB90; Homo sapiens; RNA-Seq","Homo sapiens","Illumina HiSeq 4000","GEO","SRP280348","Metformin Alters Skeletal Muscle Transcriptome Adaptations to Resistance Training in Older Adults","SRS7333900","","4314.29","1","49566419","14869925700","","RNA-Seq","TRANSCRIPTOMIC","cDNA"
"SRX9087937","GSM4771178: Y_sCMB_87: Young_Subject-sCMB87; Homo sapiens; RNA-Seq","Homo sapiens","Illumina HiSeq 4000","GEO","SRP280348","Metformin Alters Skeletal Muscle Transcriptome Adaptations to Resistance Training in Older Adults","SRS7333899","","4144.43","1","47341677","14202503100","","RNA-Seq","TRANSCRIPTOMIC","cDNA"
"SRX9087936","GSM4771177: Y_sCMB_83: Young_Subject-sCMB83; Homo sapiens; RNA-Seq","Homo sapiens","Illumina HiSeq 4000","GEO","SRP280348","Metformin Alters Skeletal Muscle Transcriptome Adaptations to Resistance Training in Older Adults","SRS7333898","","3910.93","1","44689809","13406942700","","RNA-Seq","TRANSCRIPTOMIC","cDNA"
"SRX9087935","GSM4771176: Y_sCMB_82: Young_Subject-sCMB82; Homo sapiens; RNA-Seq","Homo sapiens","Illumina HiSeq 4000","GEO","SRP280348","Metformin Alters Skeletal Muscle Transcriptome Adaptations to Resistance Training in Older Adults","SRS7333897","","12228.61","1","140084655","42025396500","","RNA-Seq","TRANSCRIPTOMIC","cDNA"
"SRX9087934","GSM4771175: Y_sCMB_79: Young_Subject-sCMB79; Homo sapiens; RNA-Seq","Homo sapiens","Illumina HiSeq 4000","GEO","SRP280348","Metformin Alters Skeletal Muscle Transcriptome Adaptations to Resistance Training in Older Adults","SRS7333896","","4053.29","1","46576721","13973016300","","RNA-Seq","TRANSCRIPTOMIC","cDNA"
"SRX9087933","GSM4771174: Y_sCMB_73: Young_Subject-sCMB73; Homo sapiens; RNA-Seq","Homo sapiens","Illumina HiSeq 4000","GEO","SRP280348","Metformin Alters Skeletal Muscle Transcriptome Adaptations to Resistance Training in Older Adults","SRS7333895","","3933.06","1","45026398","13507919400","","RNA-Seq","TRANSCRIPTOMIC","cDNA"
"SRX9087932","GSM4771173: Y_sCMB_71: Young_Subject-sCMB71; Homo sapiens; RNA-Seq","Homo sapiens","Illumina HiSeq 4000","GEO","SRP280348","Metformin Alters Skeletal Muscle Transcriptome Adaptations to Resistance Training in Older Adults","SRS7333894","","4299.48","1","48826939","14648081700","","RNA-Seq","TRANSCRIPTOMIC","cDNA"
"SRX9087931","GSM4771172: Y_sCMB_65: Young_Subject-sCMB65; Homo sapiens; RNA-Seq","Homo sapiens","Illumina HiSeq 4000","GEO","SRP280348","Metformin Alters Skeletal Muscle Transcriptome Adaptations to Resistance Training in Older Adults","SRS7333893","","4212.18","1","48388843","14516652900","","RNA-Seq","TRANSCRIPTOMIC","cDNA"
"SRX9087930","GSM4771171: Y_sCMB_56: Young_Subject-sCMB56; Homo sapiens; RNA-Seq","Homo sapiens","Illumina HiSeq 4000","GEO","SRP280348","Metformin Alters Skeletal Muscle Transcriptome Adaptations to Resistance Training in Older Adults","SRS7333892","","4281.16","1","48859061","14657718300","","RNA-Seq","TRANSCRIPTOMIC","cDNA"
"SRX9087929","GSM4771170: Y_sCMB_24: Young_Subject-sCMB24; Homo sapiens; RNA-Seq","Homo sapiens","Illumina HiSeq 4000","GEO","SRP280348","Metformin Alters Skeletal Muscle Transcriptome Adaptations to Resistance Training in Older Adults","SRS7333891","","5373.23","1","61378229","18413468700","","RNA-Seq","TRANSCRIPTOMIC","cDNA"
"SRX9087928","GSM4771169: Y_sCMB_20: Young_Subject-sCMB20; Homo sapiens; RNA-Seq","Homo sapiens","Illumina HiSeq 4000","GEO","SRP280348","Metformin Alters Skeletal Muscle Transcriptome Adaptations to Resistance Training in Older Adults","SRS7333890","","4457.3","1","47826411","14347923300","","RNA-Seq","TRANSCRIPTOMIC","cDNA"
"SRX9087927","GSM4771120: M_16_3: metPRT_Subject-16_Biopsy-3; Homo sapiens; RNA-Seq","Homo sapiens","Illumina HiSeq 4000","GEO","SRP280348","Metformin Alters Skeletal Muscle Transcriptome Adaptations to Resistance Training in Older Adults","SRS7333889","","4357.08","1","35975773","10792731900","","RNA-Seq","TRANSCRIPTOMIC","cDNA"
"SRX9087926","GSM4771119: M_14_3: metPRT_Subject-14_Biopsy-3; Homo sapiens; RNA-Seq","Homo sapiens","Illumina HiSeq 4000","GEO","SRP280348","Metformin Alters Skeletal Muscle Transcriptome Adaptations to Resistance Training in Older Adults","SRS7333888","","4501.56","1","38573832","11572149600","","RNA-Seq","TRANSCRIPTOMIC","cDNA"
"SRX9087925","GSM4771118: M_14_1: metPRT_Subject-14_Biopsy-1; Homo sapiens; RNA-Seq","Homo sapiens","Illumina HiSeq 4000","GEO","SRP280348","Metformin Alters Skeletal Muscle Transcriptome Adaptations to Resistance Training in Older Adults","SRS7333887","","4318.52","1","37051447","11115434100","","RNA-Seq","TRANSCRIPTOMIC","cDNA"
"SRX9087924","GSM4771117: P_1_3: plaPRT_Subject-1_Biopsy-3; Homo sapiens; RNA-Seq","Homo sapiens","Illumina HiSeq 4000","GEO","SRP280348","Metformin Alters Skeletal Muscle Transcriptome Adaptations to Resistance Training in Older Adults","SRS7333886","","4423.8","1","35663718","10699115400","","RNA-Seq","TRANSCRIPTOMIC","cDNA"
"SRX9087923","GSM4771116: M_13_3: metPRT_Subject-13_Biopsy-3; Homo sapiens; RNA-Seq","Homo sapiens","Illumina HiSeq 4000","GEO","SRP280348","Metformin Alters Skeletal Muscle Transcriptome Adaptations to Resistance Training in Older Adults","SRS7333885","","4806.56","1","40933154","12279946200","","RNA-Seq","TRANSCRIPTOMIC","cDNA"
"SRX9087922","GSM4771115: M_13_1: metPRT_Subject-13_Biopsy-1; Homo sapiens; RNA-Seq","Homo sapiens","Illumina HiSeq 4000","GEO","SRP280348","Metformin Alters Skeletal Muscle Transcriptome Adaptations to Resistance Training in Older Adults","SRS7333884","","4162.76","1","35895212","10768563600","","RNA-Seq","TRANSCRIPTOMIC","cDNA"
"SRX9087921","GSM4771114: P_12_3: plaPRT_Subject-12_Biopsy-3; Homo sapiens; RNA-Seq","Homo sapiens","Illumina HiSeq 4000","GEO","SRP280348","Metformin Alters Skeletal Muscle Transcriptome Adaptations to Resistance Training in Older Adults","SRS7333883","","5640.35","1","48091775","14427532500","","RNA-Seq","TRANSCRIPTOMIC","cDNA"
"SRX9087920","GSM4771113: P_12_1: plaPRT_Subject-12_Biopsy-1; Homo sapiens; RNA-Seq","Homo sapiens","Illumina HiSeq 4000","GEO","SRP280348","Metformin Alters Skeletal Muscle Transcriptome Adaptations to Resistance Training in Older Adults","SRS7333882","","4122.67","1","35459094","10637728200","","RNA-Seq","TRANSCRIPTOMIC","cDNA"
"SRX9087919","GSM4771112: P_1_1: plaPRT_Subject-1_Biopsy-1; Homo sapiens; RNA-Seq","Homo sapiens","Illumina HiSeq 4000","GEO","SRP280348","Metformin Alters Skeletal Muscle Transcriptome Adaptations to Resistance Training in Older Adults","SRS7333881","","4366.47","1","35659891","10697967300","","RNA-Seq","TRANSCRIPTOMIC","cDNA"
"SRX9087918","GSM4771111: P_11_3: plaPRT_Subject-11_Biopsy-3; Homo sapiens; RNA-Seq","Homo sapiens","Illumina HiSeq 4000","GEO","SRP280348","Metformin Alters Skeletal Muscle Transcriptome Adaptations to Resistance Training in Older Adults","SRS7333880","","4230","1","36249615","10874884500","","RNA-Seq","TRANSCRIPTOMIC","cDNA"
"SRX9087917","GSM4771110: P_11_1: plaPRT_Subject-11_Biopsy-1; Homo sapiens; RNA-Seq","Homo sapiens","Illumina HiSeq 4000","GEO","SRP280348","Metformin Alters Skeletal Muscle Transcriptome Adaptations to Resistance Training in Older Adults","SRS7333879","","6756.39","1","55115911","16534773300","","RNA-Seq","TRANSCRIPTOMIC","cDNA"
"SRX9087916","GSM4771109: M_10_3: metPRT_Subject-10_Biopsy-3; Homo sapiens; RNA-Seq","Homo sapiens","Illumina HiSeq 4000","GEO","SRP280348","Metformin Alters Skeletal Muscle Transcriptome Adaptations to Resistance Training in Older Adults","SRS7333878","","5322.24","1","47021004","14106301200","","RNA-Seq","TRANSCRIPTOMIC","cDNA"
"SRX9087915","GSM4771108: M_10_1: metPRT_Subject-10_Biopsy-1; Homo sapiens; RNA-Seq","Homo sapiens","Illumina HiSeq 4000","GEO","SRP280348","Metformin Alters Skeletal Muscle Transcriptome Adaptations to Resistance Training in Older Adults","SRS7333877","","2613.93","1","43194052","6494085900","","RNA-Seq","TRANSCRIPTOMIC","cDNA"
"SRX9087914","GSM4771107: P_464_3: plaPRT_Subject-464_Biopsy-3; Homo sapiens; RNA-Seq","Homo sapiens","Illumina HiSeq 4000","GEO","SRP280348","Metformin Alters Skeletal Muscle Transcriptome Adaptations to Resistance Training in Older Adults","SRS7333876","","4784.47","1","54050478","16215143400","","RNA-Seq","TRANSCRIPTOMIC","cDNA"
"SRX9087913","GSM4771106: P_464_1: plaPRT_Subject-464_Biopsy-1; Homo sapiens; RNA-Seq","Homo sapiens","Illumina HiSeq 4000","GEO","SRP280348","Metformin Alters Skeletal Muscle Transcriptome Adaptations to Resistance Training in Older Adults","SRS7333875","","4082.5","1","47122094","14136628200","","RNA-Seq","TRANSCRIPTOMIC","cDNA"
"SRX9087912","GSM4771105: M_460_3: metPRT_Subject-460_Biopsy-3; Homo sapiens; RNA-Seq","Homo sapiens","Illumina HiSeq 4000","GEO","SRP280348","Metformin Alters Skeletal Muscle Transcriptome Adaptations to Resistance Training in Older Adults","SRS7333874","","4013.86","1","45915388","13774616400","","RNA-Seq","TRANSCRIPTOMIC","cDNA"
"SRX9087911","GSM4771104: M_460_1: metPRT_Subject-460_Biopsy-1; Homo sapiens; RNA-Seq","Homo sapiens","Illumina HiSeq 4000","GEO","SRP280348","Metformin Alters Skeletal Muscle Transcriptome Adaptations to Resistance Training in Older Adults","SRS7333873","","4129.94","1","47361260","14208378000","","RNA-Seq","TRANSCRIPTOMIC","cDNA"
"SRX9087910","GSM4771103: M_454_3: metPRT_Subject-454_Biopsy-3; Homo sapiens; RNA-Seq","Homo sapiens","Illumina HiSeq 4000","GEO","SRP280348","Metformin Alters Skeletal Muscle Transcriptome Adaptations to Resistance Training in Older Adults","SRS7333872","","4980.24","1","56693444","17008033200","","RNA-Seq","TRANSCRIPTOMIC","cDNA"
"SRX9087909","GSM4771102: M_454_1: metPRT_Subject-454_Biopsy-1; Homo sapiens; RNA-Seq","Homo sapiens","Illumina HiSeq 4000","GEO","SRP280348","Metformin Alters Skeletal Muscle Transcriptome Adaptations to Resistance Training in Older Adults","SRS7333871","","4782.23","1","54334999","16300499700","","RNA-Seq","TRANSCRIPTOMIC","cDNA"
"SRX9087908","GSM4771101: P_450_1: plaPRT_Subject-450_Biopsy-1; Homo sapiens; RNA-Seq","Homo sapiens","Illumina HiSeq 4000","GEO","SRP280348","Metformin Alters Skeletal Muscle Transcriptome Adaptations to Resistance Training in Older Adults","SRS7333870","","4275.29","1","48700099","14610029700","","RNA-Seq","TRANSCRIPTOMIC","cDNA"
"SRX9087907","GSM4771100: M_427_3: metPRT_Subject-427_Biopsy-3; Homo sapiens; RNA-Seq","Homo sapiens","Illumina HiSeq 4000","GEO","SRP280348","Metformin Alters Skeletal Muscle Transcriptome Adaptations to Resistance Training in Older Adults","SRS7333869","","4603.75","1","51337574","15401272200","","RNA-Seq","TRANSCRIPTOMIC","cDNA"
"SRX9087906","GSM4771099: M_427_1: metPRT_Subject-427_Biopsy-1; Homo sapiens; RNA-Seq","Homo sapiens","Illumina HiSeq 4000","GEO","SRP280348","Metformin Alters Skeletal Muscle Transcriptome Adaptations to Resistance Training in Older Adults","SRS7333867","","5344.21","1","61159613","18347883900","","RNA-Seq","TRANSCRIPTOMIC","cDNA"
"SRX9087905","GSM4771098: P_413_3: plaPRT_Subject-413_Biopsy-3; Homo sapiens; RNA-Seq","Homo sapiens","Illumina HiSeq 4000","GEO","SRP280348","Metformin Alters Skeletal Muscle Transcriptome Adaptations to Resistance Training in Older Adults","SRS7333868","","4274.23","1","48194516","14458354800","","RNA-Seq","TRANSCRIPTOMIC","cDNA"
"SRX9087904","GSM4771097: P_413_1: plaPRT_Subject-413_Biopsy-1; Homo sapiens; RNA-Seq","Homo sapiens","Illumina HiSeq 4000","GEO","SRP280348","Metformin Alters Skeletal Muscle Transcriptome Adaptations to Resistance Training in Older Adults","SRS7333866","","4631.67","1","53544886","16063465800","","RNA-Seq","TRANSCRIPTOMIC","cDNA"
"SRX9087903","GSM4771072: M_159_3: metPRT_Subject-159_Biopsy-3; Homo sapiens; RNA-Seq","Homo sapiens","Illumina HiSeq 4000","GEO","SRP280348","Metformin Alters Skeletal Muscle Transcriptome Adaptations to Resistance Training in Older Adults","SRS7333865","","3977.66","1","44760418","13428125400","","RNA-Seq","TRANSCRIPTOMIC","cDNA"
"SRX9087902","GSM4771071: M_159_1: metPRT_Subject-159_Biopsy-1; Homo sapiens; RNA-Seq","Homo sapiens","Illumina HiSeq 4000","GEO","SRP280348","Metformin Alters Skeletal Muscle Transcriptome Adaptations to Resistance Training in Older Adults","SRS7333864","","4180","1","47632350","14289705000","","RNA-Seq","TRANSCRIPTOMIC","cDNA"
"SRX9087901","GSM4771070: M_157_3: metPRT_Subject-157_Biopsy-3; Homo sapiens; RNA-Seq","Homo sapiens","Illumina HiSeq 4000","GEO","SRP280348","Metformin Alters Skeletal Muscle Transcriptome Adaptations to Resistance Training in Older Adults","SRS7333863","","3686.21","1","42349529","12704858700","","RNA-Seq","TRANSCRIPTOMIC","cDNA"
"SRX9087900","GSM4771069: M_157_1: metPRT_Subject-157_Biopsy-1; Homo sapiens; RNA-Seq","Homo sapiens","Illumina HiSeq 4000","GEO","SRP280348","Metformin Alters Skeletal Muscle Transcriptome Adaptations to Resistance Training in Older Adults","SRS7333862","","4923.42","1","56015475","16804642500","","RNA-Seq","TRANSCRIPTOMIC","cDNA"
"SRX9087899","GSM4771068: P_102_1: plaPRT_Subject-102_Biopsy-1; Homo sapiens; RNA-Seq","Homo sapiens","Illumina HiSeq 4000","GEO","SRP280348","Metformin Alters Skeletal Muscle Transcriptome Adaptations to Resistance Training in Older Adults","SRS7333860","","3838.69","1","43973683","13192104900","","RNA-Seq","TRANSCRIPTOMIC","cDNA"
"SRX9087898","GSM4771067: P_086_3: plaPRT_Subject-086_Biopsy-3; Homo sapiens; RNA-Seq","Homo sapiens","Illumina HiSeq 4000","GEO","SRP280348","Metformin Alters Skeletal Muscle Transcriptome Adaptations to Resistance Training in Older Adults","SRS7333861","","4434.54","1","50776601","15232980300","","RNA-Seq","TRANSCRIPTOMIC","cDNA"
"SRX9087897","GSM4771066: P_086_1: plaPRT_Subject-086_Biopsy-1; Homo sapiens; RNA-Seq","Homo sapiens","Illumina HiSeq 4000","GEO","SRP280348","Metformin Alters Skeletal Muscle Transcriptome Adaptations to Resistance Training in Older Adults","SRS7333859","","2494.75","1","28734311","8620293300","","RNA-Seq","TRANSCRIPTOMIC","cDNA"
"SRX9087896","GSM4771065: P_081_3: plaPRT_Subject-081_Biopsy-3; Homo sapiens; RNA-Seq","Homo sapiens","Illumina HiSeq 4000","GEO","SRP280348","Metformin Alters Skeletal Muscle Transcriptome Adaptations to Resistance Training in Older Adults","SRS7333858","","4614.25","1","52895166","15868549800","","RNA-Seq","TRANSCRIPTOMIC","cDNA"
"SRX9087895","GSM4771064: P_081_1: plaPRT_Subject-081_Biopsy-1; Homo sapiens; RNA-Seq","Homo sapiens","Illumina HiSeq 4000","GEO","SRP280348","Metformin Alters Skeletal Muscle Transcriptome Adaptations to Resistance Training in Older Adults","SRS7333857","","5078.16","1","58646209","17593862700","","RNA-Seq","TRANSCRIPTOMIC","cDNA"
"SRX9087894","GSM4771063: P_080_3: plaPRT_Subject-080_Biopsy-3; Homo sapiens; RNA-Seq","Homo sapiens","Illumina HiSeq 4000","GEO","SRP280348","Metformin Alters Skeletal Muscle Transcriptome Adaptations to Resistance Training in Older Adults","SRS7333856","","4529.75","1","52791532","15837459600","","RNA-Seq","TRANSCRIPTOMIC","cDNA"
"SRX9087893","GSM4771062: P_080_1: plaPRT_Subject-080_Biopsy-1; Homo sapiens; RNA-Seq","Homo sapiens","Illumina HiSeq 4000","GEO","SRP280348","Metformin Alters Skeletal Muscle Transcriptome Adaptations to Resistance Training in Older Adults","SRS7333855","","5273.55","1","61137992","18341397600","","RNA-Seq","TRANSCRIPTOMIC","cDNA"
"SRX9087892","GSM4771061: M_065_3: metPRT_Subject-065_Biopsy-3; Homo sapiens; RNA-Seq","Homo sapiens","Illumina HiSeq 4000","GEO","SRP280348","Metformin Alters Skeletal Muscle Transcriptome Adaptations to Resistance Training in Older Adults","SRS7333854","","4638.81","1","54032208","16209662400","","RNA-Seq","TRANSCRIPTOMIC","cDNA"
"SRX9087891","GSM4771060: M_065_1: metPRT_Subject-065_Biopsy-1; Homo sapiens; RNA-Seq","Homo sapiens","Illumina HiSeq 4000","GEO","SRP280348","Metformin Alters Skeletal Muscle Transcriptome Adaptations to Resistance Training in Older Adults","SRS7333853","","3209.25","1","37320042","11196012600","","RNA-Seq","TRANSCRIPTOMIC","cDNA"
"SRX9087890","GSM4771059: M_063_3: metPRT_Subject-063_Biopsy-3; Homo sapiens; RNA-Seq","Homo sapiens","Illumina HiSeq 4000","GEO","SRP280348","Metformin Alters Skeletal Muscle Transcriptome Adaptations to Resistance Training in Older Adults","SRS7333851","","3431.61","1","40116358","12034907400","","RNA-Seq","TRANSCRIPTOMIC","cDNA"
"SRX9087889","GSM4771058: M_063_1: metPRT_Subject-063_Biopsy-1; Homo sapiens; RNA-Seq","Homo sapiens","Illumina HiSeq 4000","GEO","SRP280348","Metformin Alters Skeletal Muscle Transcriptome Adaptations to Resistance Training in Older Adults","SRS7333852","","3431.77","1","39858581","11957574300","","RNA-Seq","TRANSCRIPTOMIC","cDNA"
"SRX9087888","GSM4771057: P_048_3: plaPRT_Subject-048_Biopsy-3; Homo sapiens; RNA-Seq","Homo sapiens","Illumina HiSeq 4000","GEO","SRP280348","Metformin Alters Skeletal Muscle Transcriptome Adaptations to Resistance Training in Older Adults","SRS7333850","","3249.05","1","37255664","11176699200","","RNA-Seq","TRANSCRIPTOMIC","cDNA"
"SRX9087887","GSM4771056: P_048_1: plaPRT_Subject-048_Biopsy-1; Homo sapiens; RNA-Seq","Homo sapiens","Illumina HiSeq 4000","GEO","SRP280348","Metformin Alters Skeletal Muscle Transcriptome Adaptations to Resistance Training in Older Adults","SRS7333849","","3521.33","1","40859456","12257836800","","RNA-Seq","TRANSCRIPTOMIC","cDNA"
"SRX9087886","GSM4771055: P_042_3: plaPRT_Subject-042_Biopsy-3; Homo sapiens; RNA-Seq","Homo sapiens","Illumina HiSeq 4000","GEO","SRP280348","Metformin Alters Skeletal Muscle Transcriptome Adaptations to Resistance Training in Older Adults","SRS7333848","","3588.32","1","41668386","12500515800","","RNA-Seq","TRANSCRIPTOMIC","cDNA"
"SRX9087885","GSM4771054: M_018_3: metPRT_Subject-018_Biopsy-3; Homo sapiens; RNA-Seq","Homo sapiens","Illumina HiSeq 4000","GEO","SRP280348","Metformin Alters Skeletal Muscle Transcriptome Adaptations to Resistance Training in Older Adults","SRS7333846","","3851.89","1","44688071","13406421300","","RNA-Seq","TRANSCRIPTOMIC","cDNA"
"SRX9087884","GSM4771053: M_018_1: metPRT_Subject-018_Biopsy-1; Homo sapiens; RNA-Seq","Homo sapiens","Illumina HiSeq 4000","GEO","SRP280348","Metformin Alters Skeletal Muscle Transcriptome Adaptations to Resistance Training in Older Adults","SRS7333847","","3996.09","1","46630682","13989204600","","RNA-Seq","TRANSCRIPTOMIC","cDNA"
"SRX9087883","GSM4771052: P_015_1: plaPRT_Subject-015_Biopsy-1; Homo sapiens; RNA-Seq","Homo sapiens","Illumina HiSeq 4000","GEO","SRP280348","Metformin Alters Skeletal Muscle Transcriptome Adaptations to Resistance Training in Older Adults","SRS7333845","","2903.37","1","33573643","10072092900","","RNA-Seq","TRANSCRIPTOMIC","cDNA"
"SRX9087882","GSM4771051: P_013_3: plaPRT_Subject-013_Biopsy-3; Homo sapiens; RNA-Seq","Homo sapiens","Illumina HiSeq 4000","GEO","SRP280348","Metformin Alters Skeletal Muscle Transcriptome Adaptations to Resistance Training in Older Adults","SRS7333844","","3469.6","1","40385969","12115790700","","RNA-Seq","TRANSCRIPTOMIC","cDNA"
"SRX9087881","GSM4771050: P_013_1: plaPRT_Subject-013_Biopsy-1; Homo sapiens; RNA-Seq","Homo sapiens","Illumina HiSeq 4000","GEO","SRP280348","Metformin Alters Skeletal Muscle Transcriptome Adaptations to Resistance Training in Older Adults","SRS7333843","","3739.83","1","43225810","12967743000","","RNA-Seq","TRANSCRIPTOMIC","cDNA"
"SRX9087880","GSM4771049: P_012_3: plaPRT_Subject-012_Biopsy-3; Homo sapiens; RNA-Seq","Homo sapiens","Illumina HiSeq 4000","GEO","SRP280348","Metformin Alters Skeletal Muscle Transcriptome Adaptations to Resistance Training in Older Adults","SRS7333842","","3884.3","1","45164448","13549334400","","RNA-Seq","TRANSCRIPTOMIC","cDNA"
"SRX9087879","GSM4771168: Y_sCMB_1: Young_Subject-sCMB1; Homo sapiens; RNA-Seq","Homo sapiens","Illumina HiSeq 4000","GEO","SRP280348","Metformin Alters Skeletal Muscle Transcriptome Adaptations to Resistance Training in Older Adults","SRS7333841","","4107.59","1","46556370","13966911000","","RNA-Seq","TRANSCRIPTOMIC","cDNA"
"SRX9087878","GSM4771167: Y_sCMB_18: Young_Subject-sCMB18; Homo sapiens; RNA-Seq","Homo sapiens","Illumina HiSeq 4000","GEO","SRP280348","Metformin Alters Skeletal Muscle Transcriptome Adaptations to Resistance Training in Older Adults","SRS7333840","","3941.98","1","45411241","13623372300","","RNA-Seq","TRANSCRIPTOMIC","cDNA"
"SRX9087877","GSM4771166: Y_sCMB_123: Young_Subject-sCMB123; Homo sapiens; RNA-Seq","Homo sapiens","Illumina HiSeq 4000","GEO","SRP280348","Metformin Alters Skeletal Muscle Transcriptome Adaptations to Resistance Training in Older Adults","SRS7333839","","4423.03","1","50851947","15255584100","","RNA-Seq","TRANSCRIPTOMIC","cDNA"
"SRX9087876","GSM4771165: Y_sCMB_116: Young_Subject-sCMB116; Homo sapiens; RNA-Seq","Homo sapiens","Illumina HiSeq 4000","GEO","SRP280348","Metformin Alters Skeletal Muscle Transcriptome Adaptations to Resistance Training in Older Adults","SRS7333838","","3893.4","1","44405301","13321590300","","RNA-Seq","TRANSCRIPTOMIC","cDNA"
"SRX9087875","GSM4771164: Y_sCMB_112: Young_Subject-sCMB112; Homo sapiens; RNA-Seq","Homo sapiens","Illumina HiSeq 4000","GEO","SRP280348","Metformin Alters Skeletal Muscle Transcriptome Adaptations to Resistance Training in Older Adults","SRS7333837","","4338.85","1","49331489","14799446700","","RNA-Seq","TRANSCRIPTOMIC","cDNA"
"SRX9087874","GSM4771163: Y_sCMB_107: Young_Subject-sCMB107; Homo sapiens; RNA-Seq","Homo sapiens","Illumina HiSeq 4000","GEO","SRP280348","Metformin Alters Skeletal Muscle Transcriptome Adaptations to Resistance Training in Older Adults","SRS7333835","","4928.11","1","56438197","16931459100","","RNA-Seq","TRANSCRIPTOMIC","cDNA"
"SRX9087873","GSM4771162: Y_sCMB_106: Young_Subject-sCMB106; Homo sapiens; RNA-Seq","Homo sapiens","Illumina HiSeq 4000","GEO","SRP280348","Metformin Alters Skeletal Muscle Transcriptome Adaptations to Resistance Training in Older Adults","SRS7333836","","4346.81","1","49304166","14791249800","","RNA-Seq","TRANSCRIPTOMIC","cDNA"
"SRX9087872","GSM4771161: Y_sCMB_101: Young_Subject-sCMB101; Homo sapiens; RNA-Seq","Homo sapiens","Illumina HiSeq 4000","GEO","SRP280348","Metformin Alters Skeletal Muscle Transcriptome Adaptations to Resistance Training in Older Adults","SRS7333834","","3870.85","1","44374879","13312463700","","RNA-Seq","TRANSCRIPTOMIC","cDNA"
"SRX9087871","GSM4771160: M_7_3: metPRT_Subject-7_Biopsy-3; Homo sapiens; RNA-Seq","Homo sapiens","Illumina HiSeq 4000","GEO","SRP280348","Metformin Alters Skeletal Muscle Transcriptome Adaptations to Resistance Training in Older Adults","SRS7333833","","4114.39","1","33658884","10097665200","","RNA-Seq","TRANSCRIPTOMIC","cDNA"
"SRX9087870","GSM4771159: M_7_1: metPRT_Subject-7_Biopsy-1; Homo sapiens; RNA-Seq","Homo sapiens","Illumina HiSeq 4000","GEO","SRP280348","Metformin Alters Skeletal Muscle Transcriptome Adaptations to Resistance Training in Older Adults","SRS7333832","","3958.62","1","31641587","9492476100","","RNA-Seq","TRANSCRIPTOMIC","cDNA"
"SRX9087869","GSM4771158: M_41_1: metPRT_Subject-41_Biopsy-1; Homo sapiens; RNA-Seq","Homo sapiens","Illumina HiSeq 4000","GEO","SRP280348","Metformin Alters Skeletal Muscle Transcriptome Adaptations to Resistance Training in Older Adults","SRS7333831","","4756.21","1","38615511","11584653300","","RNA-Seq","TRANSCRIPTOMIC","cDNA"
"SRX9087868","GSM4771157: P_38_3: plaPRT_Subject-38_Biopsy-3; Homo sapiens; RNA-Seq","Homo sapiens","Illumina HiSeq 4000","GEO","SRP280348","Metformin Alters Skeletal Muscle Transcriptome Adaptations to Resistance Training in Older Adults","SRS7333829","","3936.89","1","32122352","9636705600","","RNA-Seq","TRANSCRIPTOMIC","cDNA"
"SRX9087867","GSM4771156: P_38_1: plaPRT_Subject-38_Biopsy-1; Homo sapiens; RNA-Seq","Homo sapiens","Illumina HiSeq 4000","GEO","SRP280348","Metformin Alters Skeletal Muscle Transcriptome Adaptations to Resistance Training in Older Adults","SRS7333830","","4460.92","1","36329240","10898772000","","RNA-Seq","TRANSCRIPTOMIC","cDNA"
"SRX9087866","GSM4771155: P_37_3: plaPRT_Subject-37_Biopsy-3; Homo sapiens; RNA-Seq","Homo sapiens","Illumina HiSeq 4000","GEO","SRP280348","Metformin Alters Skeletal Muscle Transcriptome Adaptations to Resistance Training in Older Adults","SRS7333828","","4186.31","1","34334035","10300210500","","RNA-Seq","TRANSCRIPTOMIC","cDNA"
"SRX9087865","GSM4771154: P_37_1: plaPRT_Subject-37_Biopsy-1; Homo sapiens; RNA-Seq","Homo sapiens","Illumina HiSeq 4000","GEO","SRP280348","Metformin Alters Skeletal Muscle Transcriptome Adaptations to Resistance Training in Older Adults","SRS7333827","","7753.69","1","63980837","19194251100","","RNA-Seq","TRANSCRIPTOMIC","cDNA"
"SRX9087864","GSM4771153: P_36_3: plaPRT_Subject-36_Biopsy-3; Homo sapiens; RNA-Seq","Homo sapiens","Illumina HiSeq 4000","GEO","SRP280348","Metformin Alters Skeletal Muscle Transcriptome Adaptations to Resistance Training in Older Adults","SRS7333826","","4635.49","1","37867662","11360298600","","RNA-Seq","TRANSCRIPTOMIC","cDNA"
"SRX9087863","GSM4771152: P_36_1: plaPRT_Subject-36_Biopsy-1; Homo sapiens; RNA-Seq","Homo sapiens","Illumina HiSeq 4000","GEO","SRP280348","Metformin Alters Skeletal Muscle Transcriptome Adaptations to Resistance Training in Older Adults","SRS7333825","","5121.11","1","42225481","12667644300","","RNA-Seq","TRANSCRIPTOMIC","cDNA"
"SRX9087862","GSM4771151: M_35_1: metPRT_Subject-35_Biopsy-1; Homo sapiens; RNA-Seq","Homo sapiens","Illumina HiSeq 4000","GEO","SRP280348","Metformin Alters Skeletal Muscle Transcriptome Adaptations to Resistance Training in Older Adults","SRS7333824","","4442.95","1","36636700","10991010000","","RNA-Seq","TRANSCRIPTOMIC","cDNA"
"SRX9087861","GSM4771150: M_33_3: metPRT_Subject-33_Biopsy-3; Homo sapiens; RNA-Seq","Homo sapiens","Illumina HiSeq 4000","GEO","SRP280348","Metformin Alters Skeletal Muscle Transcriptome Adaptations to Resistance Training in Older Adults","SRS7333823","","3649.08","1","29911672","8973501600","","RNA-Seq","TRANSCRIPTOMIC","cDNA"
"SRX9087860","GSM4771149: M_33_1: metPRT_Subject-33_Biopsy-1; Homo sapiens; RNA-Seq","Homo sapiens","Illumina HiSeq 4000","GEO","SRP280348","Metformin Alters Skeletal Muscle Transcriptome Adaptations to Resistance Training in Older Adults","SRS7333822","","4285.12","1","35453938","10636181400","","RNA-Seq","TRANSCRIPTOMIC","cDNA"
"SRX9087859","GSM4771148: M_3_1: metPRT_Subject-3_Biopsy-1; Homo sapiens; RNA-Seq","Homo sapiens","Illumina HiSeq 4000","GEO","SRP280348","Metformin Alters Skeletal Muscle Transcriptome Adaptations to Resistance Training in Older Adults","SRS7333821","","5253.63","1","43738502","13121550600","","RNA-Seq","TRANSCRIPTOMIC","cDNA"
"SRX9087858","GSM4771147: P_31_3: plaPRT_Subject-31_Biopsy-3; Homo sapiens; RNA-Seq","Homo sapiens","Illumina HiSeq 4000","GEO","SRP280348","Metformin Alters Skeletal Muscle Transcriptome Adaptations to Resistance Training in Older Adults","SRS7333820","","4116.04","1","34833180","10449954000","","RNA-Seq","TRANSCRIPTOMIC","cDNA"
"SRX9087857","GSM4771146: P_31_1: plaPRT_Subject-31_Biopsy-1; Homo sapiens; RNA-Seq","Homo sapiens","Illumina HiSeq 4000","GEO","SRP280348","Metformin Alters Skeletal Muscle Transcriptome Adaptations to Resistance Training in Older Adults","SRS7333819","","4573.3","1","39637869","11891360700","","RNA-Seq","TRANSCRIPTOMIC","cDNA"
"SRX9087856","GSM4771145: M_30_3: metPRT_Subject-30_Biopsy-3; Homo sapiens; RNA-Seq","Homo sapiens","Illumina HiSeq 4000","GEO","SRP280348","Metformin Alters Skeletal Muscle Transcriptome Adaptations to Resistance Training in Older Adults","SRS7333818","","4611.53","1","40646845","12194053500","","RNA-Seq","TRANSCRIPTOMIC","cDNA"
"SRX9087855","GSM4771144: M_30_1: metPRT_Subject-30_Biopsy-1; Homo sapiens; RNA-Seq","Homo sapiens","Illumina HiSeq 4000","GEO","SRP280348","Metformin Alters Skeletal Muscle Transcriptome Adaptations to Resistance Training in Older Adults","SRS7333817","","4015.38","1","36004036","10801210800","","RNA-Seq","TRANSCRIPTOMIC","cDNA"
"SRX9087854","GSM4771143: P_29_3: plaPRT_Subject-29_Biopsy-3; Homo sapiens; RNA-Seq","Homo sapiens","Illumina HiSeq 4000","GEO","SRP280348","Metformin Alters Skeletal Muscle Transcriptome Adaptations to Resistance Training in Older Adults","SRS7333816","","5108.78","1","44723230","13416969000","","RNA-Seq","TRANSCRIPTOMIC","cDNA"
"SRX9087853","GSM4771142: P_29_1: plaPRT_Subject-29_Biopsy-1; Homo sapiens; RNA-Seq","Homo sapiens","Illumina HiSeq 4000","GEO","SRP280348","Metformin Alters Skeletal Muscle Transcriptome Adaptations to Resistance Training in Older Adults","SRS7333815","","4317.37","1","38573837","11572151100","","RNA-Seq","TRANSCRIPTOMIC","cDNA"
"SRX9087852","GSM4771141: P_27_3: plaPRT_Subject-27_Biopsy-3; Homo sapiens; RNA-Seq","Homo sapiens","Illumina HiSeq 4000","GEO","SRP280348","Metformin Alters Skeletal Muscle Transcriptome Adaptations to Resistance Training in Older Adults","SRS7333814","","3725.16","1","33238689","9971606700","","RNA-Seq","TRANSCRIPTOMIC","cDNA"
"SRX9087851","GSM4771140: P_27_1: plaPRT_Subject-27_Biopsy-1; Homo sapiens; RNA-Seq","Homo sapiens","Illumina HiSeq 4000","GEO","SRP280348","Metformin Alters Skeletal Muscle Transcriptome Adaptations to Resistance Training in Older Adults","SRS7333813","","5403.64","1","46949385","14084815500","","RNA-Seq","TRANSCRIPTOMIC","cDNA"
"SRX9087850","GSM4771139: P_26_3: plaPRT_Subject-26_Biopsy-3; Homo sapiens; RNA-Seq","Homo sapiens","Illumina HiSeq 4000","GEO","SRP280348","Metformin Alters Skeletal Muscle Transcriptome Adaptations to Resistance Training in Older Adults","SRS7333812","","4976.06","1","43985290","13195587000","","RNA-Seq","TRANSCRIPTOMIC","cDNA"
"SRX9087849","GSM4771138: P_26_1: plaPRT_Subject-26_Biopsy-1; Homo sapiens; RNA-Seq","Homo sapiens","Illumina HiSeq 4000","GEO","SRP280348","Metformin Alters Skeletal Muscle Transcriptome Adaptations to Resistance Training in Older Adults","SRS7333811","","8177.64","1","67538384","20261515200","","RNA-Seq","TRANSCRIPTOMIC","cDNA"
"SRX9087848","GSM4771137: M_25_3: metPRT_Subject-25_Biopsy-3; Homo sapiens; RNA-Seq","Homo sapiens","Illumina HiSeq 4000","GEO","SRP280348","Metformin Alters Skeletal Muscle Transcriptome Adaptations to Resistance Training in Older Adults","SRS7333810","","5738.19","1","51074681","15322404300","","RNA-Seq","TRANSCRIPTOMIC","cDNA"
"SRX9087847","GSM4771136: M_25_1: metPRT_Subject-25_Biopsy-1; Homo sapiens; RNA-Seq","Homo sapiens","Illumina HiSeq 4000","GEO","SRP280348","Metformin Alters Skeletal Muscle Transcriptome Adaptations to Resistance Training in Older Adults","SRS7333809","","4346.39","1","38776060","11632818000","","RNA-Seq","TRANSCRIPTOMIC","cDNA"
"SRX9087846","GSM4771135: M_24_3: metPRT_Subject-24_Biopsy-3; Homo sapiens; RNA-Seq","Homo sapiens","Illumina HiSeq 4000","GEO","SRP280348","Metformin Alters Skeletal Muscle Transcriptome Adaptations to Resistance Training in Older Adults","SRS7333808","","4382.44","1","40631869","12189560700","","RNA-Seq","TRANSCRIPTOMIC","cDNA"
"SRX9087845","GSM4771134: M_24_1: metPRT_Subject-24_Biopsy-1; Homo sapiens; RNA-Seq","Homo sapiens","Illumina HiSeq 4000","GEO","SRP280348","Metformin Alters Skeletal Muscle Transcriptome Adaptations to Resistance Training in Older Adults","SRS7333807","","5679.99","1","44333994","13300198200","","RNA-Seq","TRANSCRIPTOMIC","cDNA"
"SRX9087844","GSM4771133: P_23_1: plaPRT_Subject-23_Biopsy-1; Homo sapiens; RNA-Seq","Homo sapiens","Illumina HiSeq 4000","GEO","SRP280348","Metformin Alters Skeletal Muscle Transcriptome Adaptations to Resistance Training in Older Adults","SRS7333806","","4433.9","1","34807448","10442234400","","RNA-Seq","TRANSCRIPTOMIC","cDNA"
"SRX9087843","GSM4771132: M_22_3: metPRT_Subject-22_Biopsy-3; Homo sapiens; RNA-Seq","Homo sapiens","Illumina HiSeq 4000","GEO","SRP280348","Metformin Alters Skeletal Muscle Transcriptome Adaptations to Resistance Training in Older Adults","SRS7333805","","4473.14","1","35036103","10510830900","","RNA-Seq","TRANSCRIPTOMIC","cDNA"
"SRX9087842","GSM4771131: M_22_1: metPRT_Subject-22_Biopsy-1; Homo sapiens; RNA-Seq","Homo sapiens","Illumina HiSeq 4000","GEO","SRP280348","Metformin Alters Skeletal Muscle Transcriptome Adaptations to Resistance Training in Older Adults","SRS7333804","","3753.86","1","29429589","8828876700","","RNA-Seq","TRANSCRIPTOMIC","cDNA"
"SRX9087841","GSM4771130: M_2_1: metPRT_Subject-2_Biopsy-1; Homo sapiens; RNA-Seq","Homo sapiens","Illumina HiSeq 4000","GEO","SRP280348","Metformin Alters Skeletal Muscle Transcriptome Adaptations to Resistance Training in Older Adults","SRS7333803","","5472.25","1","44827434","13448230200","","RNA-Seq","TRANSCRIPTOMIC","cDNA"
"SRX9087840","GSM4771129: M_21_3: metPRT_Subject-21_Biopsy-3; Homo sapiens; RNA-Seq","Homo sapiens","Illumina HiSeq 4000","GEO","SRP280348","Metformin Alters Skeletal Muscle Transcriptome Adaptations to Resistance Training in Older Adults","SRS7333802","","5064.69","1","39959041","11987712300","","RNA-Seq","TRANSCRIPTOMIC","cDNA"
"SRX9087839","GSM4771128: M_21_1: metPRT_Subject-21_Biopsy-1; Homo sapiens; RNA-Seq","Homo sapiens","Illumina HiSeq 4000","GEO","SRP280348","Metformin Alters Skeletal Muscle Transcriptome Adaptations to Resistance Training in Older Adults","SRS7333801","","4669.59","1","37005575","11101672500","","RNA-Seq","TRANSCRIPTOMIC","cDNA"
"SRX9087838","GSM4771127: M_20_3: metPRT_Subject-20_Biopsy-3; Homo sapiens; RNA-Seq","Homo sapiens","Illumina HiSeq 4000","GEO","SRP280348","Metformin Alters Skeletal Muscle Transcriptome Adaptations to Resistance Training in Older Adults","SRS7333800","","4811.32","1","39205003","11761500900","","RNA-Seq","TRANSCRIPTOMIC","cDNA"
"SRX9087837","GSM4771126: M_20_1: metPRT_Subject-20_Biopsy-1; Homo sapiens; RNA-Seq","Homo sapiens","Illumina HiSeq 4000","GEO","SRP280348","Metformin Alters Skeletal Muscle Transcriptome Adaptations to Resistance Training in Older Adults","SRS7333799","","6038.95","1","47697145","14309143500","","RNA-Seq","TRANSCRIPTOMIC","cDNA"
"SRX9087836","GSM4771125: P_19_1: plaPRT_Subject-19_Biopsy-1; Homo sapiens; RNA-Seq","Homo sapiens","Illumina HiSeq 4000","GEO","SRP280348","Metformin Alters Skeletal Muscle Transcriptome Adaptations to Resistance Training in Older Adults","SRS7333798","","5614.04","1","44467794","13340338200","","RNA-Seq","TRANSCRIPTOMIC","cDNA"
"SRX9087835","GSM4771124: P_18_3: plaPRT_Subject-18_Biopsy-3; Homo sapiens; RNA-Seq","Homo sapiens","Illumina HiSeq 4000","GEO","SRP280348","Metformin Alters Skeletal Muscle Transcriptome Adaptations to Resistance Training in Older Adults","SRS7333797","","5051.91","1","40366431","12109929300","","RNA-Seq","TRANSCRIPTOMIC","cDNA"
"SRX9087834","GSM4771123: P_18_1: plaPRT_Subject-18_Biopsy-1; Homo sapiens; RNA-Seq","Homo sapiens","Illumina HiSeq 4000","GEO","SRP280348","Metformin Alters Skeletal Muscle Transcriptome Adaptations to Resistance Training in Older Adults","SRS7333796","","6702.08","1","52861871","15858561300","","RNA-Seq","TRANSCRIPTOMIC","cDNA"
"SRX9087833","GSM4771122: P_17_3: plaPRT_Subject-17_Biopsy-3; Homo sapiens; RNA-Seq","Homo sapiens","Illumina HiSeq 4000","GEO","SRP280348","Metformin Alters Skeletal Muscle Transcriptome Adaptations to Resistance Training in Older Adults","SRS7333795","","5836.81","1","46541120","13962336000","","RNA-Seq","TRANSCRIPTOMIC","cDNA"
"SRX9087832","GSM4771121: P_17_1: plaPRT_Subject-17_Biopsy-1; Homo sapiens; RNA-Seq","Homo sapiens","Illumina HiSeq 4000","GEO","SRP280348","Metformin Alters Skeletal Muscle Transcriptome Adaptations to Resistance Training in Older Adults","SRS7333794","","4800.33","1","40458116","12137434800","","RNA-Seq","TRANSCRIPTOMIC","cDNA"
"SRX9087831","GSM4771096: P_412_3: plaPRT_Subject-412_Biopsy-3; Homo sapiens; RNA-Seq","Homo sapiens","Illumina HiSeq 4000","GEO","SRP280348","Metformin Alters Skeletal Muscle Transcriptome Adaptations to Resistance Training in Older Adults","SRS7333793","","4965.27","1","56974438","17092331400","","RNA-Seq","TRANSCRIPTOMIC","cDNA"
"SRX9087830","GSM4771095: P_412_1: plaPRT_Subject-412_Biopsy-1; Homo sapiens; RNA-Seq","Homo sapiens","Illumina HiSeq 4000","GEO","SRP280348","Metformin Alters Skeletal Muscle Transcriptome Adaptations to Resistance Training in Older Adults","SRS7333792","","5583.62","1","63029046","18908713800","","RNA-Seq","TRANSCRIPTOMIC","cDNA"
"SRX9087829","GSM4771094: P_410_3: plaPRT_Subject-410_Biopsy-3; Homo sapiens; RNA-Seq","Homo sapiens","Illumina HiSeq 4000","GEO","SRP280348","Metformin Alters Skeletal Muscle Transcriptome Adaptations to Resistance Training in Older Adults","SRS7333791","","4911","1","56047213","16814163900","","RNA-Seq","TRANSCRIPTOMIC","cDNA"
"SRX9087828","GSM4771093: P_410_1: plaPRT_Subject-410_Biopsy-1; Homo sapiens; RNA-Seq","Homo sapiens","Illumina HiSeq 4000","GEO","SRP280348","Metformin Alters Skeletal Muscle Transcriptome Adaptations to Resistance Training in Older Adults","SRS7333790","","7567.12","1","83429234","25028770200","","RNA-Seq","TRANSCRIPTOMIC","cDNA"
"SRX9087827","GSM4771092: P_394_3: plaPRT_Subject-394_Biopsy-3; Homo sapiens; RNA-Seq","Homo sapiens","Illumina HiSeq 4000","GEO","SRP280348","Metformin Alters Skeletal Muscle Transcriptome Adaptations to Resistance Training in Older Adults","SRS7333789","","6043.78","1","69597563","20879268900","","RNA-Seq","TRANSCRIPTOMIC","cDNA"
"SRX9087826","GSM4771091: P_394_1: plaPRT_Subject-394_Biopsy-1; Homo sapiens; RNA-Seq","Homo sapiens","Illumina HiSeq 4000","GEO","SRP280348","Metformin Alters Skeletal Muscle Transcriptome Adaptations to Resistance Training in Older Adults","SRS7333788","","7054.28","1","81427477","24428243100","","RNA-Seq","TRANSCRIPTOMIC","cDNA"
"SRX9087825","GSM4771090: M_392_3: metPRT_Subject-392_Biopsy-3; Homo sapiens; RNA-Seq","Homo sapiens","Illumina HiSeq 4000","GEO","SRP280348","Metformin Alters Skeletal Muscle Transcriptome Adaptations to Resistance Training in Older Adults","SRS7333787","","4043.14","1","45777676","13733302800","","RNA-Seq","TRANSCRIPTOMIC","cDNA"
"SRX9087824","GSM4771089: M_392_1: metPRT_Subject-392_Biopsy-1; Homo sapiens; RNA-Seq","Homo sapiens","Illumina HiSeq 4000","GEO","SRP280348","Metformin Alters Skeletal Muscle Transcriptome Adaptations to Resistance Training in Older Adults","SRS7333786","","3255.19","1","36757182","11027154600","","RNA-Seq","TRANSCRIPTOMIC","cDNA"
"SRX9087823","GSM4771088: M_367_1: metPRT_Subject-367_Biopsy-1; Homo sapiens; RNA-Seq","Homo sapiens","Illumina HiSeq 4000","GEO","SRP280348","Metformin Alters Skeletal Muscle Transcriptome Adaptations to Resistance Training in Older Adults","SRS7333785","","4718.76","1","52856389","15856916700","","RNA-Seq","TRANSCRIPTOMIC","cDNA"
"SRX9087822","GSM4771087: P_364_1: plaPRT_Subject-364_Biopsy-1; Homo sapiens; RNA-Seq","Homo sapiens","Illumina HiSeq 4000","GEO","SRP280348","Metformin Alters Skeletal Muscle Transcriptome Adaptations to Resistance Training in Older Adults","SRS7333784","","4782.23","1","54944522","16483356600","","RNA-Seq","TRANSCRIPTOMIC","cDNA"
"SRX9087821","GSM4771086: M_334_3: metPRT_Subject-334_Biopsy-3; Homo sapiens; RNA-Seq","Homo sapiens","Illumina HiSeq 4000","GEO","SRP280348","Metformin Alters Skeletal Muscle Transcriptome Adaptations to Resistance Training in Older Adults","SRS7333783","","4541.71","1","51058461","15317538300","","RNA-Seq","TRANSCRIPTOMIC","cDNA"
"SRX9087820","GSM4771085: M_334_1: metPRT_Subject-334_Biopsy-1; Homo sapiens; RNA-Seq","Homo sapiens","Illumina HiSeq 4000","GEO","SRP280348","Metformin Alters Skeletal Muscle Transcriptome Adaptations to Resistance Training in Older Adults","SRS7333782","","4925.39","1","54609780","16382934000","","RNA-Seq","TRANSCRIPTOMIC","cDNA"
"SRX9087819","GSM4771084: P_329_1: plaPRT_Subject-329_Biopsy-1; Homo sapiens; RNA-Seq","Homo sapiens","Illumina HiSeq 4000","GEO","SRP280348","Metformin Alters Skeletal Muscle Transcriptome Adaptations to Resistance Training in Older Adults","SRS7333781","","3079.38","1","35485574","10645672200","","RNA-Seq","TRANSCRIPTOMIC","cDNA"
"SRX9087818","GSM4771083: M_302_3: metPRT_Subject-302_Biopsy-3; Homo sapiens; RNA-Seq","Homo sapiens","Illumina HiSeq 4000","GEO","SRP280348","Metformin Alters Skeletal Muscle Transcriptome Adaptations to Resistance Training in Older Adults","SRS7333780","","8519.11","1","95716235","28714870500","","RNA-Seq","TRANSCRIPTOMIC","cDNA"
"SRX9087817","GSM4771082: M_302_1: metPRT_Subject-302_Biopsy-1; Homo sapiens; RNA-Seq","Homo sapiens","Illumina HiSeq 4000","GEO","SRP280348","Metformin Alters Skeletal Muscle Transcriptome Adaptations to Resistance Training in Older Adults","SRS7333779","","6265.96","1","70045270","21013581000","","RNA-Seq","TRANSCRIPTOMIC","cDNA"
"SRX9087816","GSM4771081: P_284_3: plaPRT_Subject-284_Biopsy-3; Homo sapiens; RNA-Seq","Homo sapiens","Illumina HiSeq 4000","GEO","SRP280348","Metformin Alters Skeletal Muscle Transcriptome Adaptations to Resistance Training in Older Adults","SRS7333778","","3638.62","1","41341980","12402594000","","RNA-Seq","TRANSCRIPTOMIC","cDNA"
"SRX9087815","GSM4771080: P_284_1: plaPRT_Subject-284_Biopsy-1; Homo sapiens; RNA-Seq","Homo sapiens","Illumina HiSeq 4000","GEO","SRP280348","Metformin Alters Skeletal Muscle Transcriptome Adaptations to Resistance Training in Older Adults","SRS7333777","","3937.15","1","45193837","13558151100","","RNA-Seq","TRANSCRIPTOMIC","cDNA"
"SRX9087814","GSM4771079: P_270_1: plaPRT_Subject-270_Biopsy-1; Homo sapiens; RNA-Seq","Homo sapiens","Illumina HiSeq 4000","GEO","SRP280348","Metformin Alters Skeletal Muscle Transcriptome Adaptations to Resistance Training in Older Adults","SRS7333776","","3107.34","1","36146992","10844097600","","RNA-Seq","TRANSCRIPTOMIC","cDNA"
"SRX9087813","GSM4771078: P_269_3: plaPRT_Subject-269_Biopsy-3; Homo sapiens; RNA-Seq","Homo sapiens","Illumina HiSeq 4000","GEO","SRP280348","Metformin Alters Skeletal Muscle Transcriptome Adaptations to Resistance Training in Older Adults","SRS7333775","","4677.39","1","50427685","15128305500","","RNA-Seq","TRANSCRIPTOMIC","cDNA"
"SRX9087812","GSM4771077: M_240_3: metPRT_Subject-240_Biopsy-3; Homo sapiens; RNA-Seq","Homo sapiens","Illumina HiSeq 4000","GEO","SRP280348","Metformin Alters Skeletal Muscle Transcriptome Adaptations to Resistance Training in Older Adults","SRS7333774","","5727.53","1","65555908","19666772400","","RNA-Seq","TRANSCRIPTOMIC","cDNA"
"SRX9087811","GSM4771076: M_240_1: metPRT_Subject-240_Biopsy-1; Homo sapiens; RNA-Seq","Homo sapiens","Illumina HiSeq 4000","GEO","SRP280348","Metformin Alters Skeletal Muscle Transcriptome Adaptations to Resistance Training in Older Adults","SRS7333773","","3980.37","1","44859952","13457985600","","RNA-Seq","TRANSCRIPTOMIC","cDNA"
"SRX9087810","GSM4771075: P_206_1: plaPRT_Subject-206_Biopsy-1; Homo sapiens; RNA-Seq","Homo sapiens","Illumina HiSeq 4000","GEO","SRP280348","Metformin Alters Skeletal Muscle Transcriptome Adaptations to Resistance Training in Older Adults","SRS7333772","","1690.21","1","19128246","5738473800","","RNA-Seq","TRANSCRIPTOMIC","cDNA"
"SRX9087809","GSM4771074: P_198_1: plaPRT_Subject-198_Biopsy-1; Homo sapiens; RNA-Seq","Homo sapiens","Illumina HiSeq 4000","GEO","SRP280348","Metformin Alters Skeletal Muscle Transcriptome Adaptations to Resistance Training in Older Adults","SRS7333771","","4029.55","1","46858062","14057418600","","RNA-Seq","TRANSCRIPTOMIC","cDNA"
"SRX9087808","GSM4771073: P_169_1: plaPRT_Subject-169_Biopsy-1; Homo sapiens; RNA-Seq","Homo sapiens","Illumina HiSeq 4000","GEO","SRP280348","Metformin Alters Skeletal Muscle Transcriptome Adaptations to Resistance Training in Older Adults","SRS7333770","","3694.95","1","43013432","12904029600","","RNA-Seq","TRANSCRIPTOMIC","cDNA"
"SRX9087807","GSM4771048: P_012_1: plaPRT_Subject-012_Biopsy-1; Homo sapiens; RNA-Seq","Homo sapiens","Illumina HiSeq 4000","GEO","SRP280348","Metformin Alters Skeletal Muscle Transcriptome Adaptations to Resistance Training in Older Adults","SRS7333769","","3345.57","1","39015499","11704649700","","RNA-Seq","TRANSCRIPTOMIC","cDNA"
"SRX9087806","GSM4771047: P_008_1: plaPRT_Subject-008_Biopsy-1; Homo sapiens; RNA-Seq","Homo sapiens","Illumina HiSeq 4000","GEO","SRP280348","Metformin Alters Skeletal Muscle Transcriptome Adaptations to Resistance Training in Older Adults","SRS7333768","","3663","1","42222665","12666799500","","RNA-Seq","TRANSCRIPTOMIC","cDNA"
"SRX9087805","GSM4771046: P_001_1: plaPRT_Subject-001_Biopsy-1; Homo sapiens; RNA-Seq","Homo sapiens","Illumina HiSeq 4000","GEO","SRP280348","Metformin Alters Skeletal Muscle Transcriptome Adaptations to Resistance Training in Older Adults","SRS7333767","","3547.38","1","38849872","11654961600","","RNA-Seq","TRANSCRIPTOMIC","cDNA"
